{
    "name": "root",
    "metadata": {
        "timer_format_version": "0.1.0",
        "start_time_seconds": "1641554940",
        "python_version": "3.9.7 (default, Sep 16 2021, 16:59:28) [MSC v.1916 64 bit (AMD64)]",
        "command_line_arguments": "C:\\Users\\SCAN-iHub\\anaconda3\\envs\\ml_agents\\Scripts\\mlagents-learn --force",
        "mlagents_version": "0.27.0",
        "mlagents_envs_version": "0.27.0",
        "communication_protocol_version": "1.5.0",
        "pytorch_version": "1.7.1+cpu",
        "numpy_version": "1.22.0",
        "end_time_seconds": "1641554989"
    },
    "total": 48.934963499999995,
    "count": 1,
    "self": 0.005965699999997298,
    "children": {
        "run_training.setup": {
            "total": 0.025986799999999977,
            "count": 1,
            "self": 0.025986799999999977
        },
        "TrainerController.start_learning": {
            "total": 48.903011,
            "count": 1,
            "self": 0.032981699999893976,
            "children": {
                "TrainerController._reset_env": {
                    "total": 32.0160873,
                    "count": 1,
                    "self": 32.0160873
                },
                "TrainerController.advance": {
                    "total": 16.699769800000098,
                    "count": 1892,
                    "self": 0.029058199999845158,
                    "children": {
                        "env_step": {
                            "total": 16.337024700000065,
                            "count": 1892,
                            "self": 15.28056720000005,
                            "children": {
                                "SubprocessEnvManager._take_step": {
                                    "total": 1.0364344000000543,
                                    "count": 1892,
                                    "self": 0.08216370000006634,
                                    "children": {
                                        "TorchPolicy.evaluate": {
                                            "total": 0.9542706999999879,
                                            "count": 1728,
                                            "self": 0.19615010000018174,
                                            "children": {
                                                "TorchPolicy.sample_actions": {
                                                    "total": 0.7581205999998062,
                                                    "count": 1728,
                                                    "self": 0.7581205999998062
                                                }
                                            }
                                        }
                                    }
                                },
                                "workers": {
                                    "total": 0.020023099999960436,
                                    "count": 1891,
                                    "self": 0.0,
                                    "children": {
                                        "worker_root": {
                                            "total": 14.67429940000007,
                                            "count": 1891,
                                            "is_parallel": true,
                                            "self": 2.781231299999959,
                                            "children": {
                                                "steps_from_proto": {
                                                    "total": 0.00039010000000061495,
                                                    "count": 1,
                                                    "is_parallel": true,
                                                    "self": 0.0001238000000007844,
                                                    "children": {
                                                        "_process_rank_one_or_two_observation": {
                                                            "total": 0.00026629999999983056,
                                                            "count": 2,
                                                            "is_parallel": true,
                                                            "self": 0.00026629999999983056
                                                        }
                                                    }
                                                },
                                                "UnityEnvironment.step": {
                                                    "total": 11.89267800000011,
                                                    "count": 1891,
                                                    "is_parallel": true,
                                                    "self": 0.12101920000015554,
                                                    "children": {
                                                        "UnityEnvironment._generate_step_input": {
                                                            "total": 0.08582580000003759,
                                                            "count": 1891,
                                                            "is_parallel": true,
                                                            "self": 0.08582580000003759
                                                        },
                                                        "communicator.exchange": {
                                                            "total": 11.383245899999991,
                                                            "count": 1891,
                                                            "is_parallel": true,
                                                            "self": 11.383245899999991
                                                        },
                                                        "steps_from_proto": {
                                                            "total": 0.3025870999999256,
                                                            "count": 1891,
                                                            "is_parallel": true,
                                                            "self": 0.16310830000004017,
                                                            "children": {
                                                                "_process_rank_one_or_two_observation": {
                                                                    "total": 0.13947879999988544,
                                                                    "count": 3782,
                                                                    "is_parallel": true,
                                                                    "self": 0.13947879999988544
                                                                }
                                                            }
                                                        }
                                                    }
                                                }
                                            }
                                        }
                                    }
                                }
                            }
                        },
                        "trainer_advance": {
                            "total": 0.3336869000001883,
                            "count": 1891,
                            "self": 0.03366500000041128,
                            "children": {
                                "process_trajectory": {
                                    "total": 0.300021899999777,
                                    "count": 1891,
                                    "self": 0.300021899999777
                                }
                            }
                        }
                    }
                },