{
    "name": "root",
    "metadata": {
        "timer_format_version": "0.1.0",
        "start_time_seconds": "1641561581",
        "python_version": "3.9.7 (default, Sep 16 2021, 16:59:28) [MSC v.1916 64 bit (AMD64)]",
        "command_line_arguments": "C:\\Users\\SCAN-iHub\\anaconda3\\envs\\ml_agents\\Scripts\\mlagents-learn",
        "mlagents_version": "0.27.0",
        "mlagents_envs_version": "0.27.0",
        "communication_protocol_version": "1.5.0",
        "pytorch_version": "1.7.1+cpu",
        "numpy_version": "1.22.0",
        "end_time_seconds": "1641561643"
    },
    "total": 61.8166622,
    "count": 1,
    "self": 0.010412000000002308,
    "children": {
        "run_training.setup": {
            "total": 0.025566599999999995,
            "count": 1,
            "self": 0.025566599999999995
        },
        "TrainerController.start_learning": {
            "total": 61.7806836,
            "count": 1,
            "self": 0.15469380000006083,
            "children": {
                "TrainerController._reset_env": {
                    "total": 17.530595199999997,
                    "count": 1,
                    "self": 17.530595199999997
                },
                "TrainerController.advance": {
                    "total": 43.91985629999995,
                    "count": 8820,
                    "self": 0.13994149999982142,
                    "children": {
                        "env_step": {
                            "total": 42.97455609999985,
                            "count": 8820,
                            "self": 36.58128719999984,
                            "children": {
                                "SubprocessEnvManager._take_step": {
                                    "total": 6.2889355999998,
                                    "count": 8820,
                                    "self": 0.4141349999999413,
                                    "children": {
                                        "TorchPolicy.evaluate": {
                                            "total": 5.874800599999858,
                                            "count": 8820,
                                            "self": 1.0159490000000773,
                                            "children": {
                                                "TorchPolicy.sample_actions": {
                                                    "total": 4.858851599999781,
                                                    "count": 8820,
                                                    "self": 4.858851599999781
                                                }
                                            }
                                        }
                                    }
                                },
                                "workers": {
                                    "total": 0.10433330000021002,
                                    "count": 8819,
                                    "self": 0.0,
                                    "children": {
                                        "worker_root": {
                                            "total": 41.67641790000044,
                                            "count": 8819,
                                            "is_parallel": true,
                                            "self": 14.05520300000088,
                                            "children": {
                                                "steps_from_proto": {
                                                    "total": 0.00030590000000074724,
                                                    "count": 1,
                                                    "is_parallel": true,
                                                    "self": 0.00012369999999961578,
                                                    "children": {
                                                        "_process_rank_one_or_two_observation": {
                                                            "total": 0.00018220000000113146,
                                                            "count": 2,
                                                            "is_parallel": true,
                                                            "self": 0.00018220000000113146
                                                        }
                                                    }
                                                },
                                                "UnityEnvironment.step": {
                                                    "total": 27.620908999999557,
                                                    "count": 8819,
                                                    "is_parallel": true,
                                                    "self": 0.5466279000001109,
                                                    "children": {
                                                        "UnityEnvironment._generate_step_input": {
                                                            "total": 0.4518022999999509,
                                                            "count": 8819,
                                                            "is_parallel": true,
                                                            "self": 0.4518022999999509
                                                        },
                                                        "communicator.exchange": {
                                                            "total": 25.184752599999918,
                                                            "count": 8819,
                                                            "is_parallel": true,
                                                            "self": 25.184752599999918
                                                        },
                                                        "steps_from_proto": {
                                                            "total": 1.4377261999995774,
                                                            "count": 8819,
                                                            "is_parallel": true,
                                                            "self": 0.7919804999997666,
                                                            "children": {
                                                                "_process_rank_one_or_two_observation": {
                                                                    "total": 0.6457456999998108,
                                                                    "count": 17638,
                                                                    "is_parallel": true,
                                                                    "self": 0.6457456999998108
                                                                }
                                                            }
                                                        }
                                                    }
                                                }
                                            }
                                        }
                                    }
                                }
                            }
                        },
                        "trainer_advance": {
                            "total": 0.8053587000002729,
                            "count": 8819,
                            "self": 0.16876450000010834,
                            "children": {
                                "process_trajectory": {
                                    "total": 0.6365942000001645,
                                    "count": 8819,
                                    "self": 0.6365942000001645
                                }
                            }
                        }
                    }
                },